sku,name,cost,Platform Overlap,Both,Only Zoey
OCFJ38BBA,Cage Fighter Jig 3/8oz Blk/Brown Amber,3.2,Both,294,74
OCFJ38BM,Cage Fighter Jig 3/8oz Bream,3.2,Both,,
OCFJ38BSH,Cage Fighter Jig 3/8oz Black Sapphire,3.2,Both,,
OCFJ38CH,Cage Fighter Jig 3/8oz Chocolate,3.2,Both,,
OCFJ38MC,Cage Fighter Jig 3/8oz Money Craw,3.2,Both,,
OCFJ38MP,Cage Fighter Jig 3/8oz Mud Puppy,3.2,Both,,
OCFJ12BBA,Cage Fighter Jig 1/2oz Blk/Brown Amber,3.2,Both,,
OCFJ12BM,Cage Fighter Jig 1/2oz Bream,3.2,Both,,
OCFJ12BSH,Cage Fighter Jig 1/2oz Black Sapphire,3.2,Both,,
OCFJ12CH,Cage Fighter Jig 1/2oz Chocolate,3.2,Both,,
OCFJ12MC,Cage Fighter Jig 1/2oz Money Craw,3.2,Both,,
OCFJ12MP,Cage Fighter Jig 1/2oz Mud Puppy,3.2,Both,,
OCFJ58BBA,Cage Fighter Jig 5/8oz Blk/Brown Amber,3.2,Both,,
OCFJ58BM,Cage Fighter Jig 5/8oz Bream,3.2,Both,,
OCFJ58BSH,Cage Fighter Jig 5/8oz Black Sapphire,3.2,Both,,
OCFJ58CH,Cage Fighter Jig 5/8oz Chocolate,3.2,Both,,
OCFJ58MC,Cage Fighter Jig 5/8oz Money Craw,3.2,Both,,
OCFJ58MP,Cage Fighter Jig 5/8oz Mud Puppy,3.2,Both,,
OCJ12BG,Chicken Jig 1/2oz Blue Gill,7.54,Both,,
OCJ12W,Chicken Jig 1/2oz White,7.54,Both,,
OCJ12WC,Chicken Jig 1/2oz White/Chart.,7.54,Both,,
OCJ58BG,Chicken Jig 5/8oz Blue Gill,7.54,Both,,
OCJ58W,Chicken Jig 5/8oz White,7.54,Both,,
OCJ58WC,Chicken Jig 5/8oz White/Chart.,7.54,Both,,
OCJ34BG,Chicken Jig 3/4oz Blue Gill,7.54,Both,,
OCJ34W,Chicken Jig 3/4oz White,7.54,Both,,
OCJ34WC,Chicken Jig 3/4oz White/Chart.,7.54,Both,,
OFF116BK,Fighter Fly Jig 1/16oz Black - 2pk,2.36,Both,,
OFF116BKCH,Fighter Fly 1/16oz Black/Chart - 2pk,2.36,Both,,
OFF116BKP,Fighter Fly 1/16oz Black/Purple - 2pk,2.36,Both,,
OFF116BN,Fighter Fly Jig 1/16oz Brown - 2pk,2.36,Both,,
OFF116BO,Fighter Fly 1/16oz Brown/Orange - 2pk,2.36,Both,,
OFF116DG,Fighter Fly Jig 1/16oz Damsel Green - 2pk,2.36,Both,,
OFF116SD,Fighter Fly Jig 1/16oz Shad - 2pk,2.36,Both,,
OFF116WN,Fighter Fly Jig 1/16oz Wine - 2pk,2.36,Both,,
OFF332BK,Fighter Fly Jig 3/32oz Black - 2pk,2.36,Both,,
OFF332BKCH,Fighter Fly 3/32oz Black/Chart - 2pk,2.36,Both,,
OFF332BKP,Fighter Fly 3/32oz Black/Purple - 2pk,2.36,Both,,
OFF332BN,Fighter Fly Jig 3/32oz Brown - 2pk,2.36,Both,,
OFF332BO,Fighter Fly 3/32oz Brown/Orange - 2pk,2.36,Both,,
OFF332DG,Fighter Fly Jig 3/32oz Damsel Green - 2pk,2.36,Both,,
OFF332SD,Fighter Fly Jig 3/32oz Shad - 2pk,2.36,Both,,
OFF332WN,Fighter Fly Jig 3/32oz Wine - 2pk,2.36,Both,,
OFF180BK,Fighter Fly Jig 1/8oz Black - 2pk,2.36,Both,,
OFF180BKCH,Fighter Fly 1/8oz Black/Chart - 2pk,2.36,Both,,
OFF180BKP,Fighter Fly 1/8oz Black/Purple - 2pk,2.36,Both,,
OFF180BN,Fighter Fly Jig 1/8oz Brown - 2pk,2.36,Both,,
OFF180BO,Fighter Fly 1/8oz Brown/Orange - 2pk,2.36,Both,,
OFF180DG,Fighter Fly Jig 1/8oz Damsel Green - 2pk,2.36,Both,,
OFF180SD,Fighter Fly Jig 1/8oz Shad - 2pk,2.36,Both,,
OFF180WN,Fighter Fly Jig 1/8oz Wine - 2pk,2.36,Both,,
OTI-OFNF332-SH-2,Float N Fly 3/32oz Shad 2pk,3.01,Both,,
OTI-OFNF332-BG-2,Float N Fly 3/32oz Bluegill 2pk,3.01,Both,,
OTI-OFNF332-BB-2,Float N Fly 3/32oz Baby Bass 2pk,3.01,Both,,
OTI-OFNF18-SH-2,Float N Fly 1/8oz Shad 2pk,3.01,Both,,
OTI-OFNF18-BG-2,Float N Fly 1/8oz Bluegill 2pk,3.01,Both,,
OTI-OFNF18-BB-2,Float N Fly 1/8oz Baby Bass 2pk,3.01,Both,,
OJJ38BB,Juice Jig 3/8oz Black Blue,1.96,Both,,
OJJ38BS,Juice Jig 3/8oz Bruise,1.96,Both,,
OJJ38GA,Juice Jig 3/8oz Gator Craw,1.96,Both,,
OJJ38MGC,Juice Jig 3/8oz Magic Craw,1.96,Both,,
OJJ38PBJ,Juice Jig 3/8oz PB&J,1.96,Both,,
OJJ38SF,Juice Jig 3/8oz Sunfish,1.96,Both,,
OJJ38UC,Juice Jig 3/8oz Upshaw (Natural) Craw,1.96,Both,,
OJJ38WRC,Juice Jig 3/8oz Watermelon Red Craw,1.96,Both,,
OJJ12BB,Juice Jig 1/2oz Black Blue,1.96,Both,,
OJJ12BS,Juice Jig 1/2oz Bruise,1.96,Both,,
OJJ12GA,Juice Jig 1/2oz Gator Craw,1.96,Both,,
OJJ12MGC,Juice Jig 1/2oz Magic Craw,1.96,Both,,
OJJ12PBJ,Juice Jig 1/2oz PB&J,1.96,Both,,
OJJ12SF,Juice Jig 1/2oz Sunfish,1.96,Both,,
OJJ12UC,Juice Jig 1/2oz Upshaw (Natural) Craw,1.96,Both,,
OJJ12WRC,Juice Jig 1/2oz Watermelon Red Craw,1.96,Both,,
OGSH1810GP,Golden Eye Swimmer Head 1/8oz (1/0) Green Pumpkin - 2pk,1.82,Both,,
OGSH1810UN,Golden Eye Swimmer Head 1/8oz (1/0) Unpainted - 2pk,1.82,Both,,
OGSH1810W,Golden Eye Swimmer Head 1/8oz (1/0) White - 2pk,1.82,Both,,
OGSH1830GP,Golden Eye Swimmer Head 1/8oz (3/0) Green Pumpkin - 2pk,1.82,Both,,
OGSH1830UN,Golden Eye Swimmer Head 1/8oz (3/0)Unpainted - 2pk,1.82,Both,,
OGSH1830W,Golden Eye Swimmer Head 1/8oz (3/0) White - 2pk,1.82,Both,,
OGSH1840GP,Golden Eye Swimmer Head 1/8oz (4/0) Green Pumpkin - 2pk,1.82,Both,,
OGSH1840UN,Golden Eye Swimmer Head 1/8oz (4/0) Unpainted - 2pk,1.82,Both,,
OGSH1840W,Golden Eye Swimmer Head 1/8oz (4/0) White - 2pk,1.82,Both,,
OGSH31620GP,Golden Eye Swimmer Head 3/16oz (2/0) Green Pumpkin - 2pk,1.82,Both,,
OGSH31620UN,Golden Eye Swimmer Head 3/16oz (2/0) Unpainted - 2pk,1.82,Both,,
OGSH31620W,Golden Eye Swimmer Head 3/16oz (2/0) White - 2pk,1.82,Both,,
OGSH31630GP,Golden Eye Swimmer Head 3/16oz (3/0) Green Pumpkin - 2pk,1.82,Both,,
OGSH31630UN,Golden Eye Swimmer Head 3/16oz (3/0) Unpainted - 2pk,1.82,Both,,
OGSH31630W,Golden Eye Swimmer Head 3/16oz (3/0) White - 2pk,1.82,Both,,
OGSH1410GP,Golden Eye Swimmer Head 1/4oz (1/0) Green Pumpkin - 2pk,1.82,Both,,
OGSH1410UN,Golden Eye Swimmer Head 1/4oz (1/0) Unpainted - 2pk,1.82,Both,,
OGSH1410W,Golden Eye Swimmer Head 1/4oz (1/0) White - 2pk,1.82,Both,,
OGSH1430GP,Golden Eye Swimmer Head 1/4oz (3/0) Green Pumpkin - 2pk,1.82,Both,,
OGSH1430UN,Golden Eye Swimmer Head 1/4oz (3/0) Unpainted - 2pk,1.82,Both,,
OGSH1430W,Golden Eye Swimmer Head 1/4oz (3/0) White - 2pk,1.82,Both,,
OGSH1440GP,Golden Eye Swimmer Head 1/4oz (4/0) Green Pumpkin - 2pk,1.82,Both,,
OGSH1440UN,Golden Eye Swimmer Head 1/4oz (4/0) Unpainted - 2pk,1.82,Both,,
OGSH1440W,Golden Eye Swimmer Head 1/4oz (4/0) White - 2pk,1.82,Both,,
OGSH3810GP,Golden Eye Swimmer Head 3/8oz (1/0) Green Pumpkin - 2pk,1.82,Both,,
OGSH3810UN,Golden Eye Swimmer Head 3/8oz (1/0) Unpainted - 2pk,1.82,Both,,
OGSH3810W,Golden Eye Swimmer Head 3/8oz (1/0) White - 2pk,1.82,Both,,
OGSH3830GP,Golden Eye Swimmer Head 3/8oz (3/0) Green Pumpkin - 2pk,1.82,Both,,
OGSH3830UN,Golden Eye Swimmer Head 3/8oz (3/0) Unpainted - 2pk,1.82,Both,,
OGSH3830W,Golden Eye Swimmer Head 3/8oz (3/0) White - 2pk,1.82,Both,,
OGSH3840GP,Golden Eye Swimmer Head 3/8oz (4/0) Green Pumpkin - 2pk,1.82,Both,,
OGSH3840UN,Golden Eye Swimmer Head 3/8oz (4/0) Unpainted - 2pk,1.82,Both,,
OGSH3840W,Golden Eye Swimmer Head 3/8oz (4/0) White - 2pk,1.82,Both,,
OGSH3850GP,Golden Eye Swimmer Head 3/8oz (5/0) Green Pumpkin - 2pk,1.82,Both,,
OGSH3850UN,Golden Eye Swimmer Head 3/8oz (5/0) Unpainted - 2pk,1.82,Both,,
OGSH3850W,Golden Eye Swimmer Head 3/8oz (5/0) White - 2pk,1.82,Both,,
OGSH1240GP,Golden Eye Swimmer Head 1/2oz (4/0) Green Pumpkin - 2pk,1.82,Both,,
OGSH1240UN,Golden Eye Swimmer Head 1/2oz (4/0) Unpainted - 2pk,1.82,Both,,
OGSH1240W,Golden Eye Swimmer Head 1/2oz (4/0) White - 2pk,1.82,Both,,
OGSH1250GP,Golden Eye Swimmer Head 1/2oz (5/0) Green Pumpkin - 2pk,1.82,Both,,
OGSH1250UN,Golden Eye Swimmer Head 1/2oz (5/0) Unpainted - 2pk,1.82,Both,,
OGSH1250W,Golden Eye Swimmer Head 1/2oz (5/0) White - 2pk,1.82,Both,,
OMJ1830BLK,Money Jig 1/8oz (3/0) Black - 4pk,2.36,Both,,
OMJ1830CHT,Money Jig 1/8oz (3/0) Chart.  - 4pk,2.36,Both,,
OMJ1830GP,Money Jig 1/8oz (3/0) Green Pumpkin - 4pk,2.36,Both,,
OMJ31640BLK,Money Jig 3/16oz (4/0) Black - 4pk,2.36,Both,,
OMJ31640CHT,Money Jig 3/16oz (4/0) Chart. - 4pk,2.36,Both,,
OMJ31640GP,Money Jig 3/16oz (4/0) Green Pumpkin - 4pk,2.36,Both,,
OPN11610BLK,Perfect Ned Head 1/16oz (1/0) Black - 3pk.,2.14,Both,,
OPN11610GP,Perfect Ned Head 1/16oz (1/0) Green Pumpkin - 3pk.,2.14,Both,,
OPN11620BLK,Perfect Ned Head 1/16oz (2/0) Black - 3pk.,2.14,Both,,
OPN11620GP,Perfect Ned Head 1/16oz (2/0) Green Pumpkin - 3pk.,2.14,Both,,
OPN33210BLK,Perfect Ned Head 3/32oz (1/0) Black - 3pk.,2.14,Both,,
OPN33210GP,Perfect Ned Head 3/32oz (1/0) Green Pumpkin - 3pk.,2.14,Both,,
OPN33220BLK,Perfect Ned Head 3/32oz (2/0) Black - 3pk.,2.14,Both,,
OPN33220GP,Perfect Ned Head 3/32oz (2/0) Green Pumpkin - 3pk.,2.14,Both,,
OPN18010BLK,Perfect Ned Head 1/8oz (1/0) Black - 3pk.,2.14,Both,,
OPN18010GP,Perfect Ned Head 1/8oz (1/0) Green Pumpkin - 3pk.,2.14,Both,,
OPN18020BLK,Perfect Ned Head 1/8oz (2/0) Black - 3pk.,2.14,Both,,
OPN18020GP,Perfect Ned Head 1/8oz (2/0) Green Pumpkin - 3pk.,2.14,Both,,
OPN31610BLK,Perfect Ned Head 3/16oz (1/0) Black - 3pk.,2.14,Both,,
OPN31610GP,Perfect Ned Head 3/16oz (1/0) Green Pumpkin - 3pk.,2.14,Both,,
OPN31620BLK,Perfect Ned Head 3/16oz (2/0) Black - 3pk.,2.14,Both,,
OPN31620GP,Perfect Ned Head 3/16oz (2/0) Green Pumpkin - 3pk.,2.14,Both,,
OPN14020BK,Perfect Ned Head 1/4oz (2/0) Black - 3pk.,2.14,Both,,
OPN14020GP,Perfect Ned Head 1/4oz (2/0) Green Pumpkin - 3pk.,2.14,Both,,
OPW11610GP,Perfect Ned Head WL 1/16oz (1/0) Green Pumpkin - 3pk.,2.4,Both,,
OPW11620GP,Perfect Ned Head WL 1/16oz (2/0) Green Pumpkin - 3pk.,2.4,Both,,
OPW33210GP,Perfect Ned Head WL 3/32oz (1/0) Green Pumpkin - 3pk.,2.4,Both,,
OPW33220GP,Perfect Ned Head WL 3/32oz (2/0) Green Pumpkin - 3pk.,2.4,Both,,
OPW18010GP,Perfect Ned Head WL /8oz (1/0) Green Pumpkin - 3pk.,2.4,Both,,
OPW18020GP,Perfect Ned Head WL 1/8oz (2/0) Green Pumpkin - 3pk.,2.4,Both,,
OPW31610GP,Perfect Ned Head WL 3/16oz (1/0) Green Pumpkin - 3pk.,2.4,Both,,
OPW31620GP,Perfect Ned Head WL 3/16oz (2/0) Green Pumpkin - 3pk.,2.4,Both,,
OSJ14AS,Pro Swim Jig 1/4oz Alabama Shad,2.16,Both,,
OSJ14BB,Pro Swim Jig 1/4oz Black /Blue,2.16,Both,,
OSJ14BG,Pro Swim Jig 1/4oz Bold Gill,2.16,Both,,
OSJ14DM,Pro Swim Jig 1/4oz Dirty Money,2.16,Both,,
OSJ14GS,Pro Swim Jig 1/4oz Ghost Shad,2.16,Both,,
OSJ14MGC,Pro Swim Jig 1/4oz Magic Craw,2.16,Both,,
OSJ14PR,Pro Swim Jig 1/4oz Perch,2.16,Both,,
OSJ14SC,Pro Swim Jig 1/4oz Shell Cracker,2.16,Both,,
OSJ14WL,Pro Swim Jig 1/4oz White Lightning,2.16,Both,,
OSJ14WR,Pro Swim Jig 1/4oz White/Rainbow,2.16,Both,,
OSJ38AS,Pro Swim Jig 3/8oz Alabama Shad,2.16,Both,,
OSJ38BB,Pro Swim Jig 3/8oz Black /Blue,2.16,Both,,
OSJ38BG,Pro Swim Jig 3/8oz Bold Gill,2.16,Both,,
OSJ38DM,Pro Swim Jig 3/8oz Dirty Money,2.16,Both,,
OSJ38GS,Pro Swim Jig 3/8oz Ghost Shad,2.16,Both,,
OSJ38MGC,Pro Swim Jig 3/8oz Magic Craw,2.16,Both,,
OSJ38PR,Pro Swim Jig 3/8oz Perch,2.16,Both,,
OSJ38SC,Pro Swim Jig 3/8oz Shell Cracker,2.16,Both,,
OSJ38WL,Pro Swim Jig 3/8oz White Lightning,2.16,Both,,
OSJ38WR,Pro Swim Jig 3/8oz White/Rainbow,2.16,Both,,
OSJH14AS,Pro Swim Jig Heavy 1/4oz Alabama Shad,2.16,Both,,
OSJH14BB,Pro Swim Jig Heavy 1/4oz Black Blue,2.16,Both,,
OSJH14BG,Pro Swim Jig Heavy 1/4oz Bold Gill,2.16,Both,,
OSJH14DM,Pro Swim Jig Heavy 1/4oz Dirty Money,2.16,Both,,
OSJH14GS,Pro Swim Jig Heavy 1/4oz Ghost Shad,2.16,Both,,
OSJH14MGC,Pro Swim Jig Heavy 1/4oz Magic Craw,2.16,Both,,
OSJH14PR,Pro Swim Jig Heavy 1/4oz Perch,2.16,Both,,
OSJH14WL,Pro Swim Jig Heavy 1/4oz White Lightning,2.16,Both,,
OSJH14WR,Pro Swim Jig Heavy 1/4oz White Rainbow,2.16,Both,,
OSJH38AS,Pro Swim Jig Heavy 3/8oz Alabama Shad,2.16,Both,,
OSJH38BB,Pro Swim Jig Heavy 3/8oz Black Blue,2.16,Both,,
OSJH38BG,Pro Swim Jig Heavy 3/8oz Bold Gill,2.16,Both,,
OSJH38DM,Pro Swim Jig Heavy 3/8oz Dirty Money,2.16,Both,,
OSJH38GS,Pro Swim Jig Heavy 3/8oz Ghost Shad,2.16,Both,,
OSJH38MGC,Pro Swim Jig Heavy 3/8oz Magic Craw,2.16,Both,,
OSJH38PR,Pro Swim Jig Heavy 3/8oz Perch,2.16,Both,,
OSJH38WL,Pro Swim Jig Heavy 3/8oz White Lightning,2.16,Both,,
OSJH38WR,Pro Swim Jig Heavy 3/8oz White Rainbow,2.16,Both,,
OSFJ38BBA,Stealth Fighter Jig 3/8oz Blk/Brown Amber,3.2,Both,,
OSFJ38BM,Stealth Fighter Jig 3/8oz Bream,3.2,Both,,
OSFJ38BSH,Stealth Fighter Jig 3/8oz Black Sapphire,3.2,Both,,
OSFJ38BT,Stealth Fighter Jig 3/8oz Black Light,3.2,Both,,
OSFJ38FC,Stealth Fighter Jig 3/8oz Fighter Craw,3.2,Both,,
OSFJ38MC,Stealth Fighter Jig 3/8oz Money Craw,3.2,Both,,
OSFJ12BBA,Stealth Fighter Jig 1/2oz Blk/Brown Amber,3.2,Both,,
OSFJ12BM,Stealth Fighter Jig 1/2oz Bream,3.2,Both,,
OSFJ12BSH,Stealth Fighter Jig 1/2oz Black Sapphire,3.2,Both,,
OSFJ12BT,Stealth Fighter Jig 1/2oz  Black Light,3.2,Both,,
OSFJ12FC,Stealth Fighter Jig 1/2oz Fighter Craw,3.2,Both,,
OSFJ12MC,Stealth Fighter Jig 1/2oz Money Craw,3.2,Both,,
OSFJ58BBA,Stealth Fighter Jig 5/8oz Blk/Brown Amber,3.2,Both,,
OSFJ58BM,Stealth Fighter Jig 5/8oz Bream,3.2,Both,,
OSFJ58BSH,Stealth Fighter Jig 5/8oz Black Sapphire,3.2,Both,,
OSFJ58BT,Stealth Fighter Jig 5/8oz  Black Light,3.2,Both,,
OSFJ58FC,Stealth Fighter Jig 5/8oz Fighter Craw,3.2,Both,,
OSFJ58MC,Stealth Fighter Jig 5/8oz Money Craw,3.2,Both,,
OSFJ34BBA,Stealth Fighter Jig 3/4oz Blk/Brown Amber,3.2,Both,,
OSFJ34BM,Stealth Fighter Jig 3/4oz Bream,3.2,Both,,
OSFJ34BSH,Stealth Fighter Jig 3/4oz Black Sapphire,3.2,Both,,
OSFJ34BT,Stealth Fighter Jig 3/4oz Black Light,3.2,Both,,
OSFJ34FC,Stealth Fighter Jig 3/4oz Fighter Craw,3.2,Both,,
OSFJ34MC,Stealth Fighter Jig 3/4oz Money Craw,3.2,Both,,
Skirt-TBBA-5pk,Frogs Hair Skirt Blk/Brown Amber,1.8,Only Zoey,,
Skirt-TBM-5pk,Frogs Hair Skirt Bream,1.8,Only Zoey,,
Skirt-TBS-5pk,Frogs Hair Skirt Black Saphire,1.8,Only Zoey,,
Skirt-TBL-5pk,Forgs Hair Skirt Black Light,1.8,Only Zoey,,
Skirt-TFC-5pk,Frogs Hair Skirt Fighter Craw,1.8,Only Zoey,,
Skirt-TMC-5pk,Frogs Hair Skirt Money Craw,1.8,Only Zoey,,
Skirt-SAS-5pk,Swim Jig Skirt Alabama Shad,1.8,Only Zoey,,
Skirt-SBB-5pk,Swim Jig Skirt Black Blue,1.8,Only Zoey,,
Skirt-SBG-5pk,Swim Jig Skirt Bold Gill,1.8,Only Zoey,,
Skirt-SDM-5pk,Swim Jig Skirt Dirty Money,1.8,Only Zoey,,
Skirt-SGS-5pk,Swim Jig Skirt Ghost Shad,1.8,Only Zoey,,
Skirt-SMGC-5pk,Swim Jig Skirt Magic Craw,1.8,Only Zoey,,
Skirt-SPR-5pk,Swim Jig Skirt Perch,1.8,Only Zoey,,
Skirt-SSC-5pk,Swim Jig Skirt Shell Cracker,1.8,Only Zoey,,
Skirt-SWL-5pk,Swim Jig Skirt White Lightning,1.8,Only Zoey,,
Skirt-SWR-5pk,Swim Jig Skirt White Rainbow,1.8,Only Zoey,,
Skirt-JJBS-5pk,Jig Skirt Bruise,1.8,Only Zoey,,
Skirt-JJSF-5pk,Jig Skirt Sunfish,1.8,Only Zoey,,
Skirt-JJBB-5pk,Jig Skirt Black Blue,1.8,Only Zoey,,
Skirt-JJPBJ-5pk,Jig Skirt Peanut Butter and Jelly,1.8,Only Zoey,,
Skirt-JJGC-5pk,Jig Skirt Gator Craw,1.8,Only Zoey,,
SRC1-5-BB,Slix (S2) Casting 5ft Black/Blue (Rod length up to 7ft),2.59,Only Zoey,,
SRC1-5-BO,Slix (S2) Casting 5ft Black/Orange (Rod length up to 7ft),2.59,Only Zoey,,
SRC1-55-BB,Slix (S2) Casting 5.5ft Black/Bluee (Rod length up to 7.5ft),2.59,Only Zoey,,
SRC1-55-BO,Slix (S2) Casting 5.5ft Black/Orange (Rod length up to 7.5ft),2.59,Only Zoey,,
SRC112-5-BB,Slix (S2) Spinning 5ft Black/Blue (Rod length up to 7ft),2.59,Only Zoey,,
SRC112-5-BO,Slix (S2) Spinning 5ft Black Orange (Rod length up to 7ft),2.59,Only Zoey,,
SRC112-6-BB,Slix (S2) Spinning 6ft Black/Blue (Rod length up to 8ft),2.59,Only Zoey,,
SRC112-6-BO,Slix (S2) Spinning 6ft Black Orange (Rod length up to 8ft),2.59,Only Zoey,,
OCFJ38DP,Cage Fighter Jig 3/8oz Ditch Pickle,3.2,Both,,
OCFJ38T,Cage Fighter Jig 3/8oz Tilapia,3.2,Both,,
OCFJ38GPC,Cage Fighter Jig 3/8oz Green Pumpkin Craw,3.2,Both,,
OCFJ12DP,Cage Fighter Jig 1/2oz Ditch Pickle,3.2,Both,,
OCFJ12T,Cage Fighter Jig 1/2oz Tilapia,3.2,Both,,
OCFJ12GPC,Cage Fighter Jig 1/2oz Green Pumpkin Craw,3.2,Both,,
OCFJ58DP,Cage Fighter Jig 5/8oz Ditch Pickle,3.2,Both,,
OCFJ58T,Cage Fighter Jig 5/8oz Tilapia,7.54,Both,,
OCFJ58GPC,Cage Fighter Jig 5/8oz Green Pumpkin Craw,3.2,Both,,
OSFJ38DP,Stealth Fighter Jig 3/8oz Ditch Pickle,3.2,Both,,
OSFJ38T,Stealth Fighter Jig 3/8oz Tilapia,3.2,Both,,
OSFJ38GPC,Stealth Fighter Jig 3/8oz Green Pumpkin Craw,3.2,Both,,
OSFJ12DP,Stealth Fighter Jig 1/2oz Dith Pickle,3.2,Both,,
OSFJ12T,Stealth Fighter Jig 1/2oz Tilapia,3.2,Both,,
OSFJ12GPC,Stealth Fighter Jig 1/2oz Green Pumpkin Craw,3.2,Both,,
OSFJ58DP,Stealth Fighter Jig 5/8oz Dith Pickle,3.2,Both,,
OSFJ58T,Stealth Fighter Jig 5/8oz Tilapia,3.2,Both,,
OSFJ58GPC,Stealth Fighter Jig 5/8oz Green Pumpkin Craw,3.2,Both,,
OSFJ34DP,Stealth Fighter Jig 3/4oz Dith Pickle,3.2,Both,,
OSFJ34T,Stealth Fighter Jig 3/4oz Tilapia,3.2,Both,,
OSFJ34GPC,Stealth Fighter Jig 3/4oz Green Pumpkin Craw,3.2,Both,,
OCNJ14PR,Chicken Nugget 1/4oz Perch,6.28,Both,,
OCNJ14BG,Chicken Nugget 1/4oz Bluegill,6.28,Both,,
OCNJ14LS,Chicken Nugget 1/4oz Chartruese Shad,6.28,Both,,
OCNJ38PR,Chicken Nugget 3/8oz Perch,6.28,Both,,
OCNJ38BG,Chicken Nugget 3/8oz Bluegill,6.28,Both,,
OCNJ38LS,Chicken Nugget 3/8oz Chartruese Shad,6.28,Both,,
OCNJ12PR,Chicken Nugget 1/2oz Perch,6.28,Both,,
OCNJ12BG,Chicken Nugget 1/2oz Bluegill,6.28,Both,,
OCNJ12LS,Chicken Nugget 1/2oz Chartruese Shad,6.28,Both,,
ONBJ14BK,Ned Bug 1/4oz Black,4.91,Both,,
ONBJ14G,Ned Bug 1/4oz Goby,4.91,Both,,
ONBJ14CRC,Ned Bug 1/4oz Raw Craw,4.91,Both,,
ONBJ516BK,Ned Bug 5/16oz Black,4.91,Both,,
ONBJ516G,Ned Bug 5/16oz Goby,4.91,Both,,
ONBJ516RC,Ned Bug 5/16oz Raw Craw,4.91,Both,,
ONBJ38BK,Ned Bug 3/8oz Black,4.91,Both,,
ONBJ38G,Ned Bug 3/8oz Goby,4.91,Both,,
ONBJ38RC,Ned Bug 3/8oz Raw Craw,4.91,Both,,
OCJ12P,Chicken Jig 1/2oz Pinky,7.54,Both,,
OCJ12GS,Chicken Jig 1/2oz Guntersville Shad,7.54,Both,,
OCJ12C,Chicken Jig 1/2oz Crappie,7.54,Both,,
OCJ58P,Chicken Jig 5/8oz Pinky,7.54,Both,,
OCJ58GS,Chicken Jig 5/8oz Guntersville Shad,7.54,Both,,
OCJ58C,Chicken Jig 5/8oz Crappie,7.54,Both,,
OCJ34P,Chicken Jig 3/4oz Pinky,7.54,Both,,
OCJ34GS,Chicken Jig 3/4oz Guntersville Shad,7.54,Both,,
OCJ34C,Chicken Jig 3/4oz Crappie,7.54,Both,,
OJPJ14BG,JackPot Jig 1/4oz Bluegill,3.21,Both,,
OJPJ14GS,JackPot Jig 1/4oz Guntersville Shad,3.21,Both,,
OJPJ14BBP,JackPot Jig 1/4oz Black/Blue/Purple,3.21,Both,,
OJPJ14RS,JackPot Jig 1/4oz Rainbow Shad,3.21,Both,,
OJPJ38BG,JackPot Jig 3/8oz Bluegill,3.21,Both,,
OJPJ38GS,JackPot Jig 3/8oz Guntersville Shad,3.21,Both,,
OJPJ38BBP,JackPot Jig 3/8oz Black/Blue/Purple,3.21,Both,,
OJPJ38RS,JackPot Jig 3/8oz Rainbow Shad,3.21,Both,,
OJPJ12BG,JackPot Jig 1/2oz Bluegill,3.21,Both,,
OJPJ12GS,JackPot Jig 1/2oz Guntersville Shad,3.21,Both,,
OJPJ12BBP,JackPot Jig 1/2oz Black/Blue/Purple,3.21,Both,,
OJPJ12RS,JackPot Jig 1/2oz Rainbow Shad,3.21,Both,,
OJPJ34BG,JackPot Jig 3/4oz Bluegill,3.21,Both,,
OJPJ34GS,JackPot Jig 3/4oz Guntersville Shad,3.21,Both,,
OJPJ34BBP,JackPot Jig 3/4oz Black/Blue/Purple,3.21,Both,,
OJPJ34RS,JackPot Jig 3/4oz Rainbow Shad,3.21,Both,,
ORL1810,Radar Love 1/8 oz,2.94,Both,,
ORL31620,Radar Love 3/16 oz,2.94,Both,,
ORL1430,Radar Love 1/4 oz,2.94,Both,,
OED16B,Eyedrop 1/16oz Black,3.5,Both,,
OED16SH,Eyedrop 1/16oz Shad,3.5,Both,,
OFJB38,Frog Jig Bullfrog 3/8 oz,3.21,Only Zoey,,
OFJB12,Frog Jig Bullfrog 1/2 oz,3.21,Only Zoey,,
OFJL38,Frog Jig Leopard 3/8 oz,3.21,Only Zoey,,
OFJL12,Frog Jig Leopard 1/2 oz,3.21,Only Zoey,,
OFJP38,Frog Jig Pickerel 3/8 oz,3.21,Only Zoey,,
OFJP12,Frog Jig Pickerel 1/2 oz,3.21,Only Zoey,,
OFJC38,Frog Jig Chorus 3/8 oz,3.21,Only Zoey,,
OFJC12,Frog Jig Chorus 1/2 oz,3.21,Only Zoey,,
OCS38BG,Chicken Spinner 3/8oz Bluegill,9.5,Only Zoey,,
OCS38WC,Chicken Spinner 3/8oz White Chartruese,9.5,Only Zoey,,
OCS14BG,Chicken Spinner 1/4oz Bluegill,9.5,Only Zoey,,
OCS14WC,Chicken Spinner 1/4oz White Chartruese,9.5,Only Zoey,,
OSNT31640B,Shake N' Take 3/16oz (4/0) Black 3pk,2,Both,,
OSNT1440B,Shake N' Take 1/4oz (4/0) Black 3pk,2,Both,,
OSNT3850B,Shake N' Take 3/8oz (5/0) Black 2pk,2,Both,,
OSNT31640GP,Shake N' Take 3/16oz (4/0) Green Pumpkin 3pk,2,Both,,
OSNT1440GP,Shake N' Take 1/4oz (4/0) Green Pumpkin 3pk,2,Both,,
OSNT3850GP,Shake N' Take 3/8oz (5/0) Green Pumpkin 2pk,2,Both,,
OCCJ58A,Check Collector Jig 5/8 oz Albino,3,Only Zoey,,
OCCJ58BB,Check Collector Jig 5/8 oz Black & Blue,3,Only Zoey,,
OCCJ58PBJ,Check Collector Jig 5/8 oz PB&J,3,Only Zoey,,
OCCJ58GOLD,Check Collector Jig 5/8 oz Gold Standard,3,Only Zoey,,
OCCJ34A,Check Collector Jig 3/4 oz Albino,3,Only Zoey,,
OCCJ34BB,Check Collector Jig 3/4 oz Black & Blue,3,Only Zoey,,
OCCJ34PBJ,Check Collector Jig 3/4 oz PB&J,3,Only Zoey,,
OCCJ34GOLD,Check Collector Jig 3/4 oz Gold Standard,3,Only Zoey,,
OBSJ14BB,Business Skipping Jig 1/4 oz Black Blue,2.5,Only Zoey,,
OBSJ14BG,Business Skipping Jig 1/4 oz Bluegill,2.5,Only Zoey,,
OBSJ14GP,Business Skipping Jig 1/4 oz Green Pumpkin,2.5,Only Zoey,,
OBSJ14GPC,Business Skipping Jig 1/4 oz Green Pumpkin Craw,2.5,Only Zoey,,
OBSJ14PPJ,Business Skipping Jig 1/4 oz PP&J,2.5,Only Zoey,,
OBSJ38BB,Business Skipping Jig 3/8 oz Black Blue,2.5,Only Zoey,,
OBSJ38BG,Business Skipping Jig 3/8 oz Bluegill,2.5,Only Zoey,,
OBSJ38GP,Business Skipping Jig 3/8 oz Green Pumpkin,2.5,Only Zoey,,
OBSJ38GPC,Business Skipping Jig 3/8 oz Green Pumpkin Craw,2.5,Only Zoey,,
OBSJ38PPJ,Business Skipping Jig 3/8 oz PP&J,2.5,Only Zoey,,
OBSJ12BB,Business Skipping Jig 1/2 oz Black Blue,2.5,Only Zoey,,
OBSJ12BG,Business Skipping Jig 1/2 oz Bluegill,2.5,Only Zoey,,
OBSJ12GP,Business Skipping Jig 1/2 oz Green Pumpkin,2.5,Only Zoey,,
OBSJ12GPC,Business Skipping Jig 1/2 oz Green Pumpkin Craw,2.5,Only Zoey,,
OBSJ12PPJ,Business Skipping Jig 1/2 oz PP&J,2.5,Only Zoey,,
OGE1810,Glimmer Eye 1/8 oz 1/0,2,Only Zoey,,
OGE1820,Glimmer Eye 1/8 oz 2/0,2,Only Zoey,,
OGE31620,Glimmer Eye 3/16 oz 2/0,2,Only Zoey,,
OGE31630,Glimmer Eye 3/16 oz 3/0,2,Only Zoey,,
OGE1410,Glimmer Eye 1/4 oz 1/0,2,Only Zoey,,
OGE1420,Glimmer Eye 1/4 oz 2/0,2,Only Zoey,,
OGE1430,Glimmer Eye 1/4 oz 3/0,2,Only Zoey,,
OGE3810,Glimmer Eye 3/8 oz 1/0,2,Only Zoey,,
OGE3820,Glimmer Eye 3/8 oz 2/0,2,Only Zoey,,
OGE3830,Glimmer Eye 3/8 oz 3/0,2,Only Zoey,,
OPC7GO,Poppin Craw 7 Grams Olive,4.17,Both,,
OPC7GR,Poppin Craw 7 Grams Rust,4.17,Both,,
OPC7GLO,Poppin Craw 7 Grams Light Olive,4.17,Both,,
OPC7GBR,Poppin Craw 7 Grams Brown,4.17,Both,,
OPC7GT,Poppin Craw 7 Grams Tan,4.17,Both,,
OPC11GO,Poppin Craw 11 Grams Olive,4.17,Both,,
OPC11GR,Poppin Craw 11 Grams Rust,4.17,Both,,
OPC11GLO,Poppin Craw 11 Grams Light Olive,4.17,Both,,
OPC11GBR,Poppin Craw 11 Grams Brown,4.17,Both,,
OPC11GT,Poppin Craw 11 Grams Tan,4.17,Both,,
